{
  "coins": [
    {
    "name": "ALICE",
    "amount": 0,
    "buy_price": 38,
    "desired_price_fall": 5,
    "desired_sell_price": 44.4,
    "last_prices": [
      12.74204871,
      10.95520499,
      10.95274467,
      10.95193446,
      10.94706237,
      10.94322312,
      10.92899923,
      10.91327652,
      11.49354411,
      11.4385221,
      11.41393124,
      11.39151949,
      11.37286008,
      11.36916302,
      11.37775694,
      11.38308956,
      11.38177999,
      11.3914094,
      11.39182192,
      11.39140264,
      11.39390749,
      11.37389029,
      11.38024532,
      11.37816801,
      11.37191769,
      11.31296191,
      11.30955395,
      11.2998444,
      11.25902917,
      11.25456492,
      11.23957019,
      11.23561075,
      11.2064699,
      11.19274006,
      11.17366307,
      11.1373112,
      11.10817437,
      11.11215752,
      11.11549644,
      11.14057492,
      11.17929566,
      11.19739982,
      11.25571071,
      11.28236452,
      11.321386,
      11.35175867,
      11.36282965,
      11.36662491,
      11.36312768,
      11.35773137,
      11.3417532,
      11.33359217,
      11.32625686,
      11.33268553,
      11.35665299,
      11.39048892,
      11.41885811,
      11.43061711,
      11.44392896,
      11.44960711,
      11.44887727
    ]
  },
  {
    "name": "ARDR",
    "amount": 0,
    "buy_price": 0.35657,
    "desired_price_fall": 5,
    "desired_sell_price": 0.385,
    "last_prices": [
      0.67819879,
      0.32635036,
      0.32618569,
      0.32620538,
      0.32567191,
      0.32544488,
      0.32496727,
      0.32485297,
      0.33142345,
      0.33106268,
      0.3307958,
      0.3300206,
      0.33007412,
      0.32999118,
      0.33000383,
      0.33008325,
      0.32949431,
      0.32944179,
      0.32958796,
      0.32969783,
      0.33053223,
      0.33039247,
      0.3300563,
      0.32988674,
      0.32989517,
      0.32996646,
      0.33062784,
      0.33153022,
      0.33159903,
      0.33172606,
      0.33131507,
      0.33232456,
      0.33233588,
      0.33264983,
      0.33266565,
      0.3325841,
      0.33261765,
      0.33254816,
      0.33333399,
      0.33353769,
      0.33381922,
      0.33386807,
      0.33390032,
      0.33408416,
      0.33485748,
      0.33509129,
      0.33808569,
      0.34017342,
      0.33984241,
      0.34005899,
      0.34050206,
      0.34095348,
      0.34277507,
      0.34353186,
      0.34434956,
      0.34579643,
      0.34623274,
      0.34664247,
      0.34708052,
      0.34529902,
      0.34458189
    ]
  },
  {
    "name" : "BCH",
    "amount": 0,
    "buy_price": 650,
    "desired_price_fall": 5,
    "desired_sell_price": 750,
    "last_prices": [
      660.64513681,
      1284.23481397,
      1284.98312864,
      1285.16796507,
      1285.37257909,
      1284.96111885,
      1284.38563282,
      1284.11500887,
      1317.05375392,
      1314.62424627,
      1295.61756108,
      1293.51782939,
      1293.89126889,
      1294.7233712,
      1295.8162492,
      1297.36122273,
      1297.28443205,
      1297.32234439,
      1297.79202664,
      1297.60072964,
      1298.26767585,
      1298.51306762,
      1298.56444232,
      1298.14866452,
      1296.99631407,
      1295.71519933,
      1296.82407694,
      1296.44343134,
      1297.00470713,
      1296.56480589,
      1295.18653443,
      1294.81914617,
      1291.78326403,
      1290.48632336,
      1289.44232679,
      1287.57532488,
      1286.08056583,
      1285.97854169,
      1286.15548681,
      1286.68715409,
      1287.3105136,
      1290.93040774,
      1292.29911851,
      1294.07184375,
      1298.64567869,
      1300.89190933,
      1305.97570565,
      1306.4040979,
      1306.59738942,
      1306.5308074,
      1304.11426409,
      1304.73395722,
      1305.32901941,
      1306.99999059,
      1308.87988919,
      1310.1970961,
      1311.47082933,
      1311.8372577,
      1312.61858865,
      1313.48315475,
      1313.51884293
    ]
  },
  {
    "name" : "CHZ",
    "amount": 345.6,
    "buy_price": 0.43935,
    "desired_price_fall": 5,
    "desired_sell_price": 0.525,
    "last_prices": [
      0.47096054,
      0.43013252,
      0.43024466,
      0.43010048,
      0.42996978,
      0.42912623,
      0.42892503,
      0.42877434,
      0.43905542,
      0.43954874,
      0.43588058,
      0.43535048,
      0.43520395,
      0.43526186,
      0.4356579,
      0.4358501,
      0.43592302,
      0.43621986,
      0.43671648,
      0.43701085,
      0.4375061,
      0.43830364,
      0.43877247,
      0.43864185,
      0.43859368,
      0.43841796,
      0.43852348,
      0.43849234,
      0.43847329,
      0.43832849,
      0.43806318,
      0.43811503,
      0.4378007,
      0.43727476,
      0.43630513,
      0.43526539,
      0.43471302,
      0.4344034,
      0.43450859,
      0.43505375,
      0.4353186,
      0.43536712,
      0.4355284,
      0.43614184,
      0.43691637,
      0.43783657,
      0.43852949,
      0.43957578,
      0.43983222,
      0.43997516,
      0.44000525,
      0.43983952,
      0.43958373,
      0.43958915,
      0.44017947,
      0.44054459,
      0.44087595,
      0.44128444,
      0.44200993,
      0.44229778,
      0.44239943
    ]
  },
  {
    "name" : "DOT",
    "amount": 2.47,
    "buy_price": 40.65,
    "desired_price_fall": 5,
    "desired_sell_price": 44.44,
    "last_prices": [
      42.14707188,
      40.49360532,
      40.49257431,
      40.62749679,
      40.65932977,
      40.69694806,
      40.74739219,
      40.66540786,
      41.08315684,
      41.02998453,
      41.02592189,
      40.95638131,
      40.95552714,
      40.94780817,
      40.97077452,
      41.03571972,
      41.04285231,
      41.07152651,
      41.07577841,
      41.10347083,
      41.08756871,
      41.06852688,
      41.04064867,
      40.96730906,
      40.93863168,
      40.91760662,
      40.9397902,
      40.92297613,
      40.92394588,
      40.91001487,
      40.89033277,
      40.89758014,
      40.87388829,
      40.83399885,
      40.78432928,
      40.68810625,
      40.63918229,
      40.63249298,
      40.67716747,
      40.78475805,
      40.87169137,
      40.91429263,
      40.9423652,
      40.97753706,
      41.03058907,
      41.11739521,
      41.16173685,
      41.21218539,
      41.23341511,
      41.23113093,
      41.22650341,
      41.22190657,
      41.22174139,
      41.26695897,
      41.35480497,
      41.38429828,
      41.40163418,
      41.40484728,
      41.37782123,
      41.36559699,
      41.35023516
    ]
  },
  {
    "name" : "EOS",
    "amount": 33.98,
    "buy_price": 6.2202,
    "desired_price_fall": 5,
    "desired_sell_price": 6.66,
    "last_prices": [
      6.40220942,
      10.84957153,
      10.85403973,
      10.8478314,
      10.8367717,
      10.81393978,
      10.79842323,
      10.79322591,
      11.33152951,
      11.28301919,
      11.20779293,
      11.18069806,
      11.17724978,
      11.1773556,
      11.18970827,
      11.19310283,
      11.19406622,
      11.19170953,
      11.19539522,
      11.19800465,
      11.20210467,
      11.19932026,
      11.19128441,
      11.17704458,
      11.14526886,
      11.13100401,
      11.12547241,
      11.1199333,
      11.12620202,
      11.11876557,
      11.11698907,
      11.11979267,
      11.10648645,
      11.0868164,
      11.0688793,
      11.04740189,
      11.03826053,
      11.03926817,
      11.04950973,
      11.08702937,
      11.10046909,
      11.11903055,
      11.14185464,
      11.15855332,
      11.18958425,
      11.22208516,
      11.23088558,
      11.23101662,
      11.22304554,
      11.20670184,
      11.19976305,
      11.20540685,
      11.20683976,
      11.24482451,
      11.2750152,
      11.28569523,
      11.31291193,
      11.31546335,
      11.31894757,
      11.29900158,
      11.29236941
    ]
  },
  {
    "name": "Link",
    "amount": 3.16,
    "buy_price": 31.6424,
    "desired_price_fall": 5,